source,target,relation,chunk_id,note
7, 10, supports, 1," ""Democracy is essentially a means for safeguarding individual freedom:contentReference[oaicite:0]{index=0}"""
4, 5, leads_to, 2," ""Socialist policies tend to evolve into totalitarian tyranny:contentReference[oaicite:1]{index=1}"""
4, 16, leads_to, 3," ""Hayek warns that socialism ultimately brings about a 'new form of slavery' or serfdom:contentReference[oaicite:2]{index=2}"""
3, 2, contradicts, 4," ""The principles of individualism stand in direct contrast to collectivism and socialism:contentReference[oaicite:3]{index=3}"""
4, 6, requires, 5," ""The founders of modern socialism believed their ideas could only be implemented by a 'strong dictatorial government':contentReference[oaicite:4]{index=4}"""
4, 16, leads_to, 6," ""Despite good intentions"
4, 5, leads_to, 7," ""The rise of Nazi- and fascist-totalitarianism was 'not a reaction against' but a necessary outcome of socialist trends:contentReference[oaicite:6]{index=6}"""
11, 10, requires, 8," ""Economic freedom is 'the prerequisite of any other freedom'"
4, 5, risks_becoming, 9," ""Even when pursued in the name of liberty"
4, 7, contradicts, 10," ""Democracy and socialism have nothing in common except the word 'equality' – democracy seeks equality with liberty"
4, 10, destroys, 11," ""Socialism *restricts* the sphere of individual freedom"
1, 6, leads_to, 12," ""Central planning inevitably leads to dictatorship"
1, 12, requires, 13," ""Establishing a centrally planned economy requires coercion – authorities must use force to direct all social activity according to the plan:contentReference[oaicite:12]{index=12}"""
4, 6, requires, 14," ""From its inception socialism was 'frankly authoritarian': its founders admitted it required coercion and a dictatorial power to reorganize society:contentReference[oaicite:13]{index=13}"""
1, 6, leads_to, 15," ""Even a democratic government that undertakes comprehensive planning will be driven to assume dictatorial powers or abandon its plans:contentReference[oaicite:14]{index=14}"""
1, 12, requires, 16," ""Planning and coercion go hand in hand – the direction of economic life demands the suppression of individual wishes by force:contentReference[oaicite:15]{index=15}"""
1, 8, destroys, 17," ""Extensive economic planning erodes the Rule of Law"
4, 25, destroys, 18," ""Early socialist thinkers saw intellectual freedom as an evil: even freedom of thought was to be eliminated in the planned state:contentReference[oaicite:17]{index=17}"""
4, 7, contradicts, 19," ""Alexis de Tocqueville noted that democracy"
3, 2, contradicts, 20," ""Modern Western civilization was built on individualism – a principle fundamentally opposed to collectivist social planning:contentReference[oaicite:19]{index=19}"""
9, 10, contradicts, 21," ""An excessive 'passion for equality' can undermine and ultimately destroy liberty:contentReference[oaicite:20]{index=20}"""
9, 8, destroys, 22," ""Any policy aiming at substantive distributive justice 'must lead to the destruction of the Rule of Law':contentReference[oaicite:21]{index=21}"""
15, 10, contradicts, 23," ""Those who trade essential liberty for a sense of total security will end up losing both:contentReference[oaicite:22]{index=22}"""
7, 10, supports, 24," ""Democracy serves as a utilitarian device to preserve internal peace and individual freedom:contentReference[oaicite:23]{index=23}"""
14, 8, requires, 25," ""The competitive market can only work beneficially within an adequate legal framework (e.g. defined property rights"
8, 10, supports, 26," ""Observance of the Rule of Law – general rules binding government – prevents arbitrary power and safeguards individual freedom:contentReference[oaicite:25]{index=25}"""
1, 24, destroys, 27," ""Central planning 'consists essentially in depriving us of choice'"
1, 7, contradicts, 28," ""There is a clash between planning and democracy: the arbitrary authority that comprehensive planning requires is incompatible with democratic restraint:contentReference[oaicite:27]{index=27}"""
1, 14, destroys, 29," ""The modern movement for *planning* is a movement *against competition* – all the old enemies of free markets have rallied under this banner:contentReference[oaicite:28]{index=28}"""
3, 2, contradicts, 30," ""Individualism and collectivism are 'two opposing principles' – the rise of collectivist planning meant abandoning the individualist tradition:contentReference[oaicite:29]{index=29}"""
4, 25, destroys, 31," ""Socialist regimes do not tolerate independent thought – dissenters are to be silenced or even 'treated as cattle' by planning authorities:contentReference[oaicite:30]{index=30}"""
4, 6, requires, 32," ""Socialism was originally understood to require a *strong man* with dictatorial powers to enforce its program:contentReference[oaicite:31]{index=31}"""
4, 25, destroys, 33," ""Under socialist planning"
9, 10, contradicts, 34," ""Pursuing *equality in restraint and servitude* (socialism) destroys the very liberty that democracy seeks to preserve:contentReference[oaicite:33]{index=33}"""
9, 8, destroys, 35," ""To give different people the same outcome"
11, 10, requires, 36," ""Without economic freedom"
13, 7, supports, 37," ""Hayek observes that *only within* a system of private property and free markets is democracy possible:contentReference[oaicite:36]{index=36}"""
1, 8, destroys, 38," ""Planning replaces the Rule of Law with *rule of status* – i.e. government granting privileges and exceptions"
13, 7, supports, 39," ""Democracy is sustainable only on the basis of private property and a free economy; once a collectivist creed takes over"
14, 8, requires, 40," ""The functioning of competition depends on an appropriate legal system (e.g. anti-fraud laws and defined property rights):contentReference[oaicite:39]{index=39}"""
1, 14, destroys, 41," ""Comprehensive central planning suppresses the price mechanism and *smothers competition*"
1, 24, destroys, 42," ""By substituting central direction for the market"
1, 7, contradicts, 43," ""Planned authoritarian control is *irreconcilable* with democratic governance"
1, 14, destroys, 44," ""All the old opponents of free competition have rallied under the flag of 'planning'"
15, 10, contradicts, 45," ""A society that puts *security* above freedom will end up with neither – a warning echoed by Franklin and evidenced in totalitarian states:contentReference[oaicite:44]{index=44}"""
15, 10, destroys, 46," ""The obsession with security at all costs leads to an increasingly controlled society and the eventual loss of liberty:contentReference[oaicite:45]{index=45}"""
4, 5, leads_to, 47," ""Many who 'sincerely hate' Nazi tyranny still inadvertently advocate ideals whose realization *would lead straight to* such tyranny:contentReference[oaicite:46]{index=46}"""
4, 16, leads_to, 48," ""In the modern era"
9, 8, destroys, 49," ""Socialists have always attacked 'merely' formal justice and independent courts"
9, 10, contradicts, 50," ""The *passion for equality* (of outcome) can *make vain the hope for freedom*"
9, 8, destroys, 51," ""Pursuing substantive equality requires unequal"
7, 10, supports, 52," ""Democratic government"
3, 2, contradicts, 53," ""The individualist **Western** tradition (liberalism) is fundamentally at odds with the collectivist doctrines that underpin socialism:contentReference[oaicite:53]{index=53}"""
4, 5, leads_to, 54," ""Socialism"
4, 16, leads_to, 55," ""By abandoning economic freedom"
4, 6, requires, 56," ""Implementing socialism requires concentrated power: a planning board armed with *coercive authority* to direct who does what:contentReference[oaicite:56]{index=56}"""
5, 18, requires, 57," ""Totalitarian regimes rely on propaganda and even outright lies to direct and rally the people behind their plans:contentReference[oaicite:57]{index=57}"""
4, 7, contradicts, 58," ""Hayek warns that once a *collectivist creed* dominates"
1, 7, contradicts, 59," ""The clash between planning and democracy arises because democracy is an obstacle to the *suppression of freedom* that planning requires:contentReference[oaicite:59]{index=59}"""
4, 6, requires, 60," ""Historically"
4, 10, destroys, 61," ""Socialism promised a new freedom but delivered the *restriction* of the individual freedoms achieved under liberal democracy:contentReference[oaicite:61]{index=61}"""
4, 7, contradicts, 62," ""Democracy (an individualist institution) and socialism (a collectivist one) were recognized as incompatible by 19th-century observers:contentReference[oaicite:62]{index=62}"""
4, 17, leads_to, 63," ""The rise of National Socialism (Nazism) in Germany was a *necessary outcome* of earlier socialist and anti-capitalist tendencies:contentReference[oaicite:63]{index=63}"""
4, 26, leads_to, 64," ""Fascism and Nazism were not reactions against socialism but grew out of the *anti-liberal"
5, 18, requires, 65," ""Totalitarians consciously use *myths* and propaganda as tools – e.g. Nazi racial doctrines or Mussolini’s corporatist ideology – to justify their rule:contentReference[oaicite:65]{index=65}:contentReference[oaicite:66]{index=66}"""
5, 19, destroys, 66," ""Totalitarianism brings a complete *perversion of language*: words are redefined so that truth becomes whatever serves the regime’s purpose:contentReference[oaicite:67]{index=67}"""
5, 20, destroys, 67," ""The *moral ideals* that may inspire collectivism are soon betrayed – under totalitarian rule"
5, 21, requires, 68," ""Totalitarian systems *select for the worst*: the unscrupulous and uninhibited are more likely to succeed in a society tending toward total power:contentReference[oaicite:69]{index=69}"""
5, 25, destroys, 69," ""In a totalitarian state"
17, 5, instanceof, 70," ""Nazism (National Socialism) is essentially a form of totalitarianism – a socialist ideology implemented through total state control:contentReference[oaicite:71]{index=71}"""
26, 5, instanceof, 71," ""Fascism is another form of totalitarian system"
23, 22, leads_to, 72," ""When nations pursue *economic nationalism* (protective tariffs"
23, 22, leads_to, 73," ""If each country is free to impose whatever economic measures it deems best (regardless of harm to others)"
23, 22, leads_to, 74," ""Economic conflicts between nations (trade wars"
23, 22, leads_to, 75," ""Hayek suggests that lasting peace is unlikely 'so long as every country is free' to follow policies damaging to others – unchecked economic nationalism leads to war:contentReference[oaicite:76]{index=76}"""
7, 10, supports, 76," ""Democracy (when constrained by liberal principles) helps prevent arbitrary power and thus protects personal freedoms:contentReference[oaicite:77]{index=77}"""
7, 10, supports, 77," ""Political freedom has historically flourished most in democracies"
3, 2, contradicts, 78," ""The *basic individualism* of Western civilisation (respect for the individual and his choices:contentReference[oaicite:79]{index=79}) cannot coexist with a fully collectivist order"""
3, 2, contradicts, 79," ""Collectivism inherently subordinates individual values and choices to the planners’ goals"
1, 6, leads_to, 80," ""Planning leads to dictatorship because *dictatorship* is the most effective instrument for enforcing the plan’s ideals:contentReference[oaicite:81]{index=81}"""
1, 12, requires, 81," ""A comprehensive plan for society cannot succeed without coercion; freedom must be curtailed and force applied to make people obey the plan:contentReference[oaicite:82]{index=82}"""
9, 10, contradicts, 82," ""Equality achieved through coercion comes at the expense of freedom – making people equally unfree:contentReference[oaicite:83]{index=83}"""
9, 8, destroys, 83," ""Legislating economic equality (outcome) means the law itself must become discriminatory"
1, 7, contradicts, 84," ""By undertaking tasks that demand unfettered power (like central planning)"
1, 14, destroys, 85," ""Central planning *smothers* the spontaneous order of competition"
15, 10, contradicts, 86," ""The greater the *security* provided by the state"
15, 10, destroys, 87," ""In striving to guarantee economic outcomes"
4, 10, destroys, 88," ""Socialism was long recognized as 'the gravest threat to freedom' – it offers a new “economic freedom” at the price of true political freedom:contentReference[oaicite:89]{index=89}:contentReference[oaicite:90]{index=90}"""
9, 10, contradicts, 89," ""As Acton noted"
15, 10, contradicts, 90," ""Experiments in complete security (such as guaranteed employment for all) often necessitate curtailing other freedoms:contentReference[oaicite:92]{index=92}"""
5, 18, requires, 91," ""Nazi Germany and Soviet Russia demonstrated that totalitarian governments indoctrinate citizens through propaganda campaigns and controlled media:contentReference[oaicite:93]{index=93}"""
5, 18, requires, 92," ""Under totalitarianism"
13, 7, supports, 93," ""Democracy could not survive the abolition of private property – history shows that where private property and markets are suppressed"
11, 10, requires, 94," ""Political liberty *has never existed* without economic freedom – freedom in economic affairs is a necessary condition for overall liberty:contentReference[oaicite:96]{index=96}:contentReference[oaicite:97]{index=97}"""
5, 20, destroys, 95," ""Totalitarian dictatorship forces leaders to choose *disregard of ordinary morals* in order to succeed – thus it destroys traditional morality:contentReference[oaicite:98]{index=98}"""
5, 20, destroys, 96," ""The ethical results of collectivism diverge sharply from its lofty ideals: instead of fostering virtue"
5, 21, requires, 97," ""In a society trending toward totalitarianism"
5, 18, requires, 98," ""Both Nazi and Communist regimes show how totalitarian governments harness propaganda – from education to mass rallies – to cement their control"""
5, 19, destroys, 99," ""Under totalitarian regimes"
1, 6, leads_to, 100," ""Once the state controls economic decisions"
1, 12, requires, 101," ""No comprehensive economic plan can be implemented without coercion – some groups or individuals must be forced to sacrifice their preferences:contentReference[oaicite:103]{index=103}"""
23, 22, leads_to, 102," ""Protectionism and autarky turned economic rivalries into armed conflict in the 1930s"
23, 22, leads_to, 103," ""When whole nations"
4, 5, leads_to, 104," ""Hayek notes that many who champion socialist aims are *unaware* that those very aims could produce the totalitarian system they abhor:contentReference[oaicite:106]{index=106}"""
4, 16, leads_to, 105," ""Moving *in the direction of socialism* – even with high hopes – has historically resulted in new forms of servitude and loss of freedom:contentReference[oaicite:107]{index=107}"""
4, 6, requires, 106," ""Early socialist writers like Louis Blanc and Saint-Simon explicitly argued that a powerful authority must direct society – liberty would have to yield to organization:contentReference[oaicite:108]{index=108}"""
4, 10, destroys, 107," ""By abolishing economic liberty and competition"
4, 7, contradicts, 108," ""Democratic socialism may soften its language"
1, 8, destroys, 109," ""Under central planning"
11, 10, requires, 110," ""Liberal thinkers understood that *political freedom was but a first step* – true liberty required the addition of economic freedom:contentReference[oaicite:113]{index=113}:contentReference[oaicite:114]{index=114}"""
1, 8, destroys, 111," ""As economic planning expands"
1, 7, contradicts, 112," ""If democracy decides on tasks that require unfettered"
1, 14, destroys, 113," ""Wherever planning displaces the market"
1, 14, destroys, 114," ""The *suppression of competition* is both the goal and result of central planning: production for use (by plan) instead of production for profit (by market):contentReference[oaicite:120]{index=120}"""
1, 24, destroys, 115," ""Planning dictates not just what is produced but even how people spend their time (e.g. regimenting leisure:contentReference[oaicite:121]{index=121})"
13, 7, supports, 116," ""Private property and free enterprise create plural centers of power – only in such a decentralized economy can democracy thrive without self-destructing:contentReference[oaicite:122]{index=122}"""
9, 8, destroys, 117," ""Socialist and Nazi legal theorists alike opposed the 'liberal' Rule of Law"
9, 10, contradicts, 118," ""Tocqueville noted that while democracy seeks equality *in liberty*"
1, 6, leads_to, 119," ""Democratic statesmen who embark on planning soon confront a dilemma: they must either assume dictatorial powers to implement their plans or abandon them:contentReference[oaicite:125]{index=125}"""
1, 8, destroys, 120," ""Aiming at 'substantive' economic equality (through planning) is *formally incompatible* with maintaining the Rule of Law:contentReference[oaicite:126]{index=126}"""
7, 10, supports, 121," ""Federalist thinkers like de Tocqueville saw democracy as enlarging individual freedom – provided it operates under checks (like constitutions or federations) that prevent tyranny:contentReference[oaicite:127]{index=127}"""
9, 10, contradicts, 122," ""As Acton warned"
7, 10, supports, 123," ""Historically"
3, 2, contradicts, 124," ""The march toward collectivism in the early 20th century required rejecting the individualism that had underpinned Western progress since the Renaissance:contentReference[oaicite:130]{index=130}"""
4, 5, leads_to, 125," ""Hayek argues that it is *no coincidence* that movements toward socialism in Europe ended by producing regimes like National Socialism:contentReference[oaicite:131]{index=131}"""
4, 16, leads_to, 126," ""Socialist doctrine applied in practice tends toward what Hilaire Belloc called the 'Servile State' – an outcome where the populace trades liberty for security:contentReference[oaicite:132]{index=132}:contentReference[oaicite:133]{index=133}"""
4, 6, requires, 127," ""The architects of modern socialism assumed that a *strong central authority* (a dictator or elite planning board) would be needed to enforce the plan:contentReference[oaicite:134]{index=134}"""
4, 10, destroys, 128," ""Although promised 'new freedoms'"
1, 6, leads_to, 129," ""Because dictatorship is the most effective means of coercion"
1, 12, requires, 130," ""The enforcement of a comprehensive economic plan demands coercion; voluntary agreement is replaced by commands backed by the threat of force:contentReference[oaicite:137]{index=137}"""
1, 7, contradicts, 131," ""Planning and democracy cannot long coexist – planning requires arbitrary authority"
1, 8, destroys, 132," ""Administrative discretion and case-by-case decrees"
1, 14, destroys, 133," ""In a planned economy"
11, 10, requires, 134," ""By the late 19th century"
15, 10, contradicts, 135," ""Guaranteeing everyone a certain standard (e.g. income or job) sounds humane"
5, 18, requires, 136," ""Totalitarian propaganda often masquerades as education or news – it *indoctrinates* citizens so they willingly embrace the regime’s values:contentReference[oaicite:144]{index=144}"""
5, 19, destroys, 137," ""Totalitarianism ends honest discourse: words are turned into their opposites (e.g. “freedom” used to justify tyranny)"
5, 25, destroys, 138," ""Any independent thought or dissent in a totalitarian society is branded as disloyalty or 'sabotage' and is ruthlessly suppressed:contentReference[oaicite:146]{index=146}"""
5, 20, destroys, 139," ""People in totalitarian systems soon adopt a different moral code: *success* in such a system often requires doing things that would be unconscionable in a free society:contentReference[oaicite:147]{index=147}"""
23, 22, leads_to, 140," ""Uncoordinated national economic planning (e.g. competing trade blocs"
5, 20, destroys, 141," ""The ethos of a totalitarian society prioritizes the collective end over traditional morals; ordinary decency is seen as a weakness that must be overcome:contentReference[oaicite:149]{index=149}:contentReference[oaicite:150]{index=150}"""
5, 21, requires, 142," ""Totalitarian rule *breeds ruthlessness*: those with no scruples or hesitation in using force tend to rise in the ranks"
7, 10, supports, 143," ""Democracy (when constrained by constitutionalism and rule of law) has historically provided the most *congenial* check on power"
9, 10, contradicts, 144," ""Liberty and enforced equality are often at odds – history shows that attempts to *equalize outcomes* through force usually come at the cost of freedom:contentReference[oaicite:153]{index=153}"""
9, 8, destroys, 145," ""The pursuit of a so-called 'just' (egalitarian) state led socialists and Nazis alike to attack independent judges and to politicize the law:contentReference[oaicite:154]{index=154}"""
13, 7, supports, 146," ""A society grounded in private property diffuses power and is compatible with democracy; conversely"
23, 22, leads_to, 147," ""Nations organized as single trading bodies inevitably come into conflict – without a higher law above nations"
23, 22, leads_to, 148," ""Hayek argues that without some *federal restraint* on national economic policies"
1, 6, leads_to, 149," ""Concentrated economic power *invariably* creates pressure for concentrated political power – i.e. a dictatorship – as the only way to impose the economic plan:contentReference[oaicite:159]{index=159}"""
5, 18, requires, 150," ""Modern totalitarians perfected propaganda as a tool: e.g. Nazi Germany’s use of media and education to instill allegiance to its racial and militarist myths:contentReference[oaicite:160]{index=160}"""
5, 18, requires, 151," ""Even under ostensibly benign regimes"
5, 19, destroys, 152," ""Totalitarianism brings about the *end of truth* – objective facts are replaced by an official doctrine"
5, 25, destroys, 153," ""In a totalitarian system"
9, 10, contradicts, 154," ""As Tocqueville observed: *Democracy seeks equality in liberty; Socialism seeks equality in restraint and servitude*:contentReference[oaicite:165]{index=165}"""
9, 8, destroys, 155," ""Formal equality before the law cannot survive a government that deliberately redistributes outcomes – substantive “social justice” necessitates arbitrary law:contentReference[oaicite:166]{index=166}"""
3, 2, contradicts, 156," ""The growth of collectivist ideas was a 'decisive step in the destruction' of the individualist civilization of the West:contentReference[oaicite:167]{index=167}:contentReference[oaicite:168]{index=168}"""
4, 5, leads_to, 157," ""The unchecked growth of governmental power under socialism tends toward *totalitarian* outcomes – a pattern visible in multiple 20th-century countries:contentReference[oaicite:169]{index=169}"""
4, 16, leads_to, 158," ""By following the *road to socialism*"
4, 16, leads_to, 159," ""Socialism means slavery – this warning by 19th-century liberals proved true as countries that embraced socialism saw personal freedoms extinguished:contentReference[oaicite:172]{index=172}"""
4, 5, risks_becoming, 160," ""Hayek cautions that even well-intentioned moves towards socialism in free countries could inadvertently pave the way for totalitarianism:contentReference[oaicite:173]{index=173}"""
4, 16, leads_to, 161," ""In Hayek’s metaphor"
4, 5, leads_to, 162," ""The *abhorred tyranny* of Nazism/Fascism emerged from trends that many progressives thought would lead to greater justice – a tragic unintended consequence:contentReference[oaicite:175]{index=175}"""
4, 16, leads_to, 163," ""Ultimately"
